{
  "data_min_": [
    71.10643768310547,
    -0.05066264728451797,
    1401253.0,
    19.401094041977487,
    -2.9783533049852906,
    71.79085273742676,
    72.874921875,
    72.63289488758494,
    69.57068280776994,
    1786498.6
  ],
  "data_max_": [
    115.34794616699219,
    0.062198544405503764,
    18496460.0,
    84.40328118963163,
    2.980552527597169,
    112.893558883667,
    110.26622909545898,
    118.21378411138333,
    109.98107560515601,
    7288818.0
  ],
  "data_range_": [
    44.24150848388672,
    0.11286119169002173,
    17095207.0,
    65.00218714765414,
    5.9589058325824595,
    41.10270614624024,
    37.391307220458984,
    45.580889223798394,
    40.410392797386066,
    5502319.4
  ],
  "feature_range": [
    0,
    1
  ]
}