{
  "data_min_": [
    207.24598693847656,
    -0.0688430992310517,
    426231.0,
    22.286851880536318,
    -11.8183523657342,
    213.34787368774414,
    217.04947998046876,
    217.84024199059476,
    202.50769304877232,
    592554.6
  ],
  "data_max_": [
    358.9540100097656,
    0.05832370418727506,
    7205421.0,
    85.43377557867308,
    11.301939024337287,
    341.0824905395508,
    324.7534515380859,
    364.57025686970337,
    321.79851337473207,
    3083759.0
  ],
  "data_range_": [
    151.70802307128906,
    0.12716680341832676,
    6779190.0,
    63.14692369813676,
    23.120291390071486,
    127.73461685180666,
    107.70397155761717,
    146.7300148791086,
    119.29082032595974,
    2491204.4
  ],
  "feature_range": [
    0,
    1
  ]
}