{
  "data_min_": [
    26.705781936645508,
    -0.06418082255046398,
    0.0,
    24.171729247475398,
    -1.2305332917793308,
    28.02498502731323,
    28.440796775817873,
    29.223728887108013,
    26.51118781913244,
    2041211.2
  ],
  "data_max_": [
    62.799991607666016,
    0.08173638413568862,
    20748665.0,
    83.23191035481358,
    1.9188102549408228,
    61.36737499237061,
    60.52877655029297,
    63.63565713575433,
    60.036422548978386,
    16334473.2
  ],
  "data_range_": [
    36.09420967102051,
    0.1459172066861526,
    20748665.0,
    59.06018110733818,
    3.1493435467201536,
    33.34238996505738,
    32.087979774475095,
    34.41192824864632,
    33.52523472984595,
    14293262.0
  ],
  "feature_range": [
    0,
    1
  ]
}