{
  "data_min_": [
    384.9620056152344,
    -0.15643932805680472,
    84141.0,
    25.3445101007825,
    -44.60706606484359,
    421.96169128417966,
    445.8208526611328,
    464.9157324959324,
    371.524071009389,
    306181.6
  ],
  "data_max_": [
    987.0738525390625,
    0.09739860171048753,
    2713321.0,
    87.33164936636439,
    50.180046165168164,
    961.1904754638672,
    915.8670202636719,
    1059.346313462112,
    925.9104814174823,
    1607567.8
  ],
  "data_range_": [
    602.1118469238281,
    0.25383792976729225,
    2629180.0,
    61.98713926558189,
    94.78711223001176,
    539.2287841796875,
    470.0461676025391,
    594.4305809661796,
    554.3864104080933,
    1301386.2000000002
  ],
  "feature_range": [
    0,
    1
  ]
}