{
  "data_min_": [
    59.34716033935547,
    -0.04077748030029815,
    0.0,
    18.370765659391566,
    -1.7825242454078847,
    60.60618839263916,
    61.37598945617676,
    62.17423932091112,
    57.53998753936437,
    1657237.8
  ],
  "data_max_": [
    99.1544189453125,
    0.07713464603673326,
    24168338.0,
    87.05975374264771,
    2.6913002762134397,
    96.84983253479004,
    95.91448043823242,
    100.41420990129973,
    94.48990216441598,
    10953604.8
  ],
  "data_range_": [
    39.80725860595703,
    0.11791212633703141,
    24168338.0,
    68.68898808325615,
    4.473824521621324,
    36.24364414215088,
    34.538490982055656,
    38.23997058038861,
    36.94991462505161,
    9296367.0
  ],
  "feature_range": [
    0,
    1
  ]
}