{
  "data_min_": [
    84.72676849365234,
    -0.06906754466492726,
    0.0,
    24.884026077246546,
    -5.446701047698042,
    89.51987648010254,
    93.74229598999024,
    94.99510099641104,
    80.7332862330539,
    547560.4
  ],
  "data_max_": [
    222.27452087402344,
    0.10580077844375269,
    8044888.0,
    87.24358468345174,
    7.946539629314628,
    207.69829635620118,
    195.40073608398438,
    228.69648384427725,
    187.25976057543926,
    3889905.4
  ],
  "data_range_": [
    137.5477523803711,
    0.17486832310867995,
    8044888.0,
    62.3595586062052,
    13.39324067701267,
    118.17841987609864,
    101.65844009399414,
    133.70138284786623,
    106.52647434238536,
    3342345.0
  ],
  "feature_range": [
    0,
    1
  ]
}