{
  "data_min_": [
    78.00055694580078,
    -0.05972176263532247,
    0.0,
    20.65010561766472,
    -4.334362567385114,
    81.09758605957032,
    83.15787460327148,
    84.156175424188,
    77.30250567606244,
    724110.4
  ],
  "data_max_": [
    277.7891845703125,
    0.07632563661936964,
    9371395.0,
    83.8447897524029,
    8.108804943101518,
    271.21859588623045,
    255.7028369140625,
    281.3984628378887,
    262.1912606818271,
    5075168.0
  ],
  "data_range_": [
    199.78862762451172,
    0.13604739925469211,
    9371395.0,
    63.19468413473818,
    12.443167510486631,
    190.12100982666013,
    172.544962310791,
    197.2422874137007,
    184.88875500576466,
    4351057.6
  ],
  "feature_range": [
    0,
    1
  ]
}