{
  "data_min_": [
    216.4283447265625,
    -0.20721201078219942,
    703622.0,
    21.950912811240414,
    -40.27276373870143,
    210.81355056762695,
    205.235576171875,
    218.46333456434274,
    203.1275570261308,
    1407163.6
  ],
  "data_max_": [
    995.573486328125,
    0.17262237572625083,
    26256621.0,
    89.57470689611252,
    32.55828778377713,
    959.3919250488282,
    926.5941796875,
    1009.5239888246332,
    933.5139298024143,
    9081741.2
  ],
  "data_range_": [
    779.1451416015625,
    0.37983438650845025,
    25552999.0,
    67.6237940848721,
    72.83105152247856,
    748.5783744812012,
    721.358603515625,
    791.0606542602904,
    730.3863727762835,
    7674577.6
  ],
  "feature_range": [
    0,
    1
  ]
}