{
  "data_min_": [
    505.4668884277344,
    -0.06462167782219608,
    48392.0,
    23.247868019252152,
    -29.56277167689666,
    532.567530822754,
    532.9687811279297,
    567.6156222224472,
    490.16852620190906,
    171570.8
  ],
  "data_max_": [
    851.0272216796875,
    0.128119019176272,
    1688007.0,
    79.04425117893157,
    29.542621767410537,
    837.2340698242188,
    815.3317700195313,
    867.8488648911261,
    823.0956651116647,
    935394.2
  ],
  "data_range_": [
    345.5603332519531,
    0.19274069699846808,
    1639615.0,
    55.79638315967942,
    59.1053934443072,
    304.6665390014648,
    282.3629888916016,
    300.23324266867894,
    332.9271389097557,
    763823.3999999999
  ],
  "feature_range": [
    0,
    1
  ]
}