{
  "data_min_": [
    287.1246337890625,
    -0.07580267280513098,
    52293.0,
    26.31540527321333,
    -12.60097379404641,
    303.2026870727539,
    305.3892822265625,
    320.06231259074553,
    282.3396188335969,
    155542.2
  ],
  "data_max_": [
    448.7680358886719,
    0.08437399233268339,
    1559890.0,
    83.90188938947918,
    12.155058759914027,
    442.9263885498047,
    436.7905157470703,
    461.6621603251851,
    434.5023688657041,
    843048.2
  ],
  "data_range_": [
    161.64340209960938,
    0.16017666513781437,
    1507597.0,
    57.58648411626585,
    24.756032553960438,
    139.72370147705078,
    131.4012335205078,
    141.59984773443955,
    152.16275003210723,
    687506.0
  ],
  "feature_range": [
    0,
    1
  ]
}